Metric,Score
Accuracy,0.9627329192546584
Precision,0.9717868338557993
Recall,0.9538461538461539
F1 Score,0.9627329192546584
ROC AUC,0.9912756209307934
