Metric,Score
Accuracy,0.9324009324009324
Precision,0.9565217391304348
Recall,0.7787610619469026
F1 Score,0.8585365853658536
ROC AUC,0.9835751092192226
