Metric,Score
Accuracy,0.6101694915254238
Precision,0.5818181818181818
Recall,1.0
F1 Score,0.735632183908046
ROC AUC,0.8368055555555556
