Metric,Score
Accuracy,0.3728813559322034
Precision,0.0
Recall,0.0
F1 Score,0.0
ROC AUC,0.28378378378378377
