Metric,Score
<<<<<<< HEAD
Accuracy,0.9751243781094527
Precision,0.9669117647058824
Recall,0.9598540145985401
F1 Score,0.9633699633699634
ROC AUC,0.996911582426663
=======
Accuracy,0.9814077025232404
Precision,0.9740740740740741
Recall,0.9740740740740741
F1 Score,0.9740740740740741
ROC AUC,0.9980331262939959
>>>>>>> refs/remotes/origin/main
