Metric,Score
Accuracy,0.9814077025232404
Precision,0.9740740740740741
Recall,0.9740740740740741
F1 Score,0.9740740740740741
ROC AUC,0.9980331262939959
